Id,date,feature,total_steps,calories,very_active_minutes,sleep_records,minutes_asleep,time_in_bed,hr_readings
1503960366,2016-03-25,step_tracking,11004.0,1819.0,33.0,,,,
1503960366,2016-03-26,step_tracking,17609.0,2154.0,89.0,,,,
1503960366,2016-03-27,step_tracking,12736.0,1944.0,56.0,,,,
1503960366,2016-03-28,step_tracking,13231.0,1932.0,39.0,,,,
1503960366,2016-03-29,step_tracking,12041.0,1886.0,28.0,,,,
1503960366,2016-03-30,step_tracking,10970.0,1820.0,30.0,,,,
1503960366,2016-03-31,step_tracking,12256.0,1889.0,33.0,,,,
1503960366,2016-04-01,step_tracking,12262.0,1868.0,47.0,,,,
1503960366,2016-04-02,step_tracking,11248.0,1843.0,40.0,,,,
1503960366,2016-04-03,step_tracking,10016.0,1850.0,15.0,,,,
1503960366,2016-04-04,step_tracking,14557.0,2030.0,43.0,,,,
1503960366,2016-04-05,step_tracking,14844.0,2083.0,36.0,,,,
1503960366,2016-04-06,step_tracking,11974.0,1861.0,27.0,,,,
1503960366,2016-04-07,step_tracking,10198.0,1755.0,17.0,,,,
1503960366,2016-04-08,step_tracking,12521.0,1895.0,46.0,,,,
1503960366,2016-04-09,step_tracking,12432.0,1883.0,32.0,,,,
1503960366,2016-04-10,step_tracking,10057.0,1755.0,44.0,,,,
1503960366,2016-04-11,step_tracking,10990.0,1811.0,26.0,,,,
1503960366,2016-04-12,sleep_tracking,,,,1.0,327.0,346.0,
1503960366,2016-04-12,step_tracking,224.0,50.0,0.0,,,,
1503960366,2016-04-13,sleep_tracking,,,,2.0,384.0,407.0,
1503960366,2016-04-15,sleep_tracking,,,,1.0,412.0,442.0,
1503960366,2016-04-16,sleep_tracking,,,,2.0,340.0,367.0,
1503960366,2016-04-17,sleep_tracking,,,,1.0,700.0,712.0,
1503960366,2016-04-19,sleep_tracking,,,,1.0,304.0,320.0,
1503960366,2016-04-20,sleep_tracking,,,,1.0,360.0,377.0,
1503960366,2016-04-21,sleep_tracking,,,,1.0,325.0,364.0,
1503960366,2016-04-23,sleep_tracking,,,,1.0,361.0,384.0,
1503960366,2016-04-24,sleep_tracking,,,,1.0,430.0,449.0,
1503960366,2016-04-25,sleep_tracking,,,,1.0,277.0,323.0,
1503960366,2016-04-26,sleep_tracking,,,,1.0,245.0,274.0,
1503960366,2016-04-28,sleep_tracking,,,,1.0,366.0,393.0,
1503960366,2016-04-29,sleep_tracking,,,,1.0,341.0,354.0,
1503960366,2016-04-30,sleep_tracking,,,,1.0,404.0,425.0,
1503960366,2016-05-01,sleep_tracking,,,,1.0,369.0,396.0,
1503960366,2016-05-02,sleep_tracking,,,,1.0,277.0,309.0,
1503960366,2016-05-03,sleep_tracking,,,,1.0,273.0,296.0,
1503960366,2016-05-05,sleep_tracking,,,,1.0,247.0,264.0,
1503960366,2016-05-06,sleep_tracking,,,,1.0,334.0,367.0,
1503960366,2016-05-07,sleep_tracking,,,,1.0,331.0,349.0,
1503960366,2016-05-08,sleep_tracking,,,,1.0,594.0,611.0,
1503960366,2016-05-09,sleep_tracking,,,,1.0,338.0,342.0,
1503960366,2016-05-10,sleep_tracking,,,,1.0,383.0,403.0,
1503960366,2016-05-11,sleep_tracking,,,,1.0,285.0,306.0,
1624580081,2016-03-25,step_tracking,1810.0,1373.0,0.0,,,,
1624580081,2016-03-26,step_tracking,815.0,1264.0,0.0,,,,
1624580081,2016-03-27,step_tracking,1985.0,1350.0,0.0,,,,
1624580081,2016-03-28,step_tracking,1905.0,1342.0,0.0,,,,
1624580081,2016-03-29,step_tracking,1552.0,1300.0,0.0,,,,
1624580081,2016-03-30,step_tracking,1675.0,1313.0,0.0,,,,
1624580081,2016-03-31,step_tracking,4506.0,1498.0,7.0,,,,
1624580081,2016-04-01,step_tracking,9218.0,1541.0,0.0,,,,
1624580081,2016-04-02,step_tracking,1556.0,1327.0,0.0,,,,
1624580081,2016-04-03,step_tracking,2910.0,1452.0,0.0,,,,
1624580081,2016-04-04,step_tracking,18464.0,1574.0,0.0,,,,
1624580081,2016-04-05,step_tracking,1335.0,1308.0,0.0,,,,
1624580081,2016-04-06,step_tracking,1004.0,1276.0,0.0,,,,
1624580081,2016-04-07,step_tracking,1111.0,1278.0,0.0,,,,
1624580081,2016-04-08,step_tracking,6344.0,1409.0,0.0,,,,
1624580081,2016-04-09,step_tracking,3572.0,1370.0,0.0,,,,
1624580081,2016-04-10,step_tracking,3910.0,1555.0,7.0,,,,
1624580081,2016-04-11,step_tracking,10000.0,1469.0,0.0,,,,
1624580081,2016-04-12,step_tracking,6627.0,706.0,0.0,,,,
1644430081,2016-04-01,step_tracking,4636.0,3323.0,0.0,,,,
1644430081,2016-04-02,step_tracking,20237.0,4029.0,34.0,,,,
1644430081,2016-04-03,step_tracking,12912.0,3436.0,59.0,,,,
1644430081,2016-04-04,step_tracking,2819.0,2444.0,4.0,,,,
1644430081,2016-04-05,step_tracking,9921.0,3098.0,5.0,,,,
1644430081,2016-04-06,step_tracking,8046.0,2925.0,18.0,,,,
1644430081,2016-04-07,step_tracking,11166.0,3202.0,3.0,,,,
1644430081,2016-04-08,step_tracking,7842.0,2928.0,7.0,,,,
1644430081,2016-04-09,step_tracking,13840.0,3290.0,18.0,,,,
1644430081,2016-04-10,step_tracking,1329.0,489.0,0.0,,,,
1644430081,2016-04-29,sleep_tracking,,,,1.0,119.0,127.0,
1644430081,2016-04-30,sleep_tracking,,,,1.0,124.0,142.0,
1644430081,2016-05-02,sleep_tracking,,,,1.0,796.0,961.0,
1644430081,2016-05-08,sleep_tracking,,,,1.0,137.0,154.0,
1844505072,2016-04-01,step_tracking,6847.0,1969.0,9.0,,,,
1844505072,2016-04-02,step_tracking,5367.0,1889.0,0.0,,,,
1844505072,2016-04-03,step_tracking,2841.0,1636.0,0.0,,,,
1844505072,2016-04-04,step_tracking,0.0,1347.0,0.0,,,,
1844505072,2016-04-05,step_tracking,0.0,1347.0,0.0,,,,
1844505072,2016-04-06,step_tracking,7.0,1349.0,0.0,,,,
1844505072,2016-04-07,step_tracking,6344.0,1965.0,0.0,,,,
1844505072,2016-04-08,step_tracking,5316.0,1824.0,0.0,,,,
1844505072,2016-04-09,step_tracking,4979.0,1807.0,0.0,,,,
1844505072,2016-04-10,step_tracking,6556.0,1971.0,0.0,,,,
1844505072,2016-04-11,step_tracking,5430.0,1888.0,0.0,,,,
1844505072,2016-04-12,step_tracking,0.0,399.0,0.0,,,,
1844505072,2016-04-15,sleep_tracking,,,,1.0,644.0,961.0,
1844505072,2016-04-30,sleep_tracking,,,,1.0,722.0,961.0,
1844505072,2016-05-01,sleep_tracking,,,,1.0,590.0,961.0,
1927972279,2016-04-01,step_tracking,4317.0,2590.0,0.0,,,,
1927972279,2016-04-02,step_tracking,5662.0,2783.0,0.0,,,,
1927972279,2016-04-03,step_tracking,3198.0,2449.0,0.0,,,,
1927972279,2016-04-04,step_tracking,2352.0,2380.0,0.0,,,,
1927972279,2016-04-05,step_tracking,2234.0,2344.0,0.0,,,,
1927972279,2016-04-06,step_tracking,1259.0,2202.0,0.0,,,,
1927972279,2016-04-07,step_tracking,768.0,2130.0,0.0,,,,
1927972279,2016-04-08,step_tracking,519.0,2088.0,0.0,,,,
1927972279,2016-04-09,step_tracking,2523.0,2443.0,0.0,,,,
1927972279,2016-04-10,step_tracking,2105.0,2442.0,0.0,,,,
1927972279,2016-04-11,step_tracking,1209.0,2255.0,0.0,,,,
1927972279,2016-04-12,sleep_tracking,,,,3.0,750.0,775.0,
1927972279,2016-04-12,step_tracking,24.0,942.0,0.0,,,,
1927972279,2016-04-13,sleep_tracking,,,,1.0,398.0,422.0,
1927972279,2016-04-15,sleep_tracking,,,,2.0,475.0,499.0,
1927972279,2016-04-26,sleep_tracking,,,,1.0,296.0,315.0,
1927972279,2016-04-28,sleep_tracking,,,,1.0,166.0,178.0,
2022484408,2016-04-01,heart_rate_monitoring,,,,,,,3708.0
2022484408,2016-04-01,step_tracking,13603.0,2645.0,72.0,,,,
2022484408,2016-04-02,heart_rate_monitoring,,,,,,,4295.0
2022484408,2016-04-02,step_tracking,5477.0,2040.0,0.0,,,,
2022484408,2016-04-03,heart_rate_monitoring,,,,,,,5203.0
2022484408,2016-04-03,step_tracking,11144.0,2395.0,25.0,,,,
2022484408,2016-04-04,heart_rate_monitoring,,,,,,,4689.0
2022484408,2016-04-04,step_tracking,15313.0,2581.0,62.0,,,,
2022484408,2016-04-05,heart_rate_monitoring,,,,,,,5395.0
2022484408,2016-04-05,step_tracking,10805.0,2735.0,36.0,,,,
2022484408,2016-04-06,heart_rate_monitoring,,,,,,,5446.0
2022484408,2016-04-06,step_tracking,15392.0,2733.0,47.0,,,,
2022484408,2016-04-07,heart_rate_monitoring,,,,,,,4815.0
2022484408,2016-04-07,step_tracking,18247.0,3021.0,72.0,,,,
2022484408,2016-04-08,heart_rate_monitoring,,,,,,,5488.0
2022484408,2016-04-08,step_tracking,13023.0,2577.0,40.0,,,,
2022484408,2016-04-09,heart_rate_monitoring,,,,,,,5982.0
2022484408,2016-04-09,step_tracking,16267.0,2811.0,44.0,,,,
2022484408,2016-04-10,heart_rate_monitoring,,,,,,,4993.0
2022484408,2016-04-10,step_tracking,10005.0,2458.0,1.0,,,,
2022484408,2016-04-11,heart_rate_monitoring,,,,,,,4938.0
2022484408,2016-04-11,step_tracking,10106.0,2568.0,41.0,,,,
2022484408,2016-04-12,heart_rate_monitoring,,,,,,,1531.0
2022484408,2016-04-12,step_tracking,6717.0,1140.0,41.0,,,,
2026352035,2016-04-01,step_tracking,2605.0,1407.0,0.0,,,,
2026352035,2016-04-02,step_tracking,1229.0,1237.0,0.0,,,,
2026352035,2016-04-03,step_tracking,2308.0,1330.0,0.0,,,,
2026352035,2016-04-04,step_tracking,6679.0,1583.0,0.0,,,,
2026352035,2016-04-05,step_tracking,5645.0,1538.0,0.0,,,,
2026352035,2016-04-06,step_tracking,3180.0,1421.0,0.0,,,,
2026352035,2016-04-07,step_tracking,2767.0,1392.0,0.0,,,,
2026352035,2016-04-08,step_tracking,3762.0,1425.0,0.0,,,,
2026352035,2016-04-09,step_tracking,3098.0,1413.0,0.0,,,,
2026352035,2016-04-10,step_tracking,5142.0,1515.0,0.0,,,,
2026352035,2016-04-11,step_tracking,3279.0,1405.0,0.0,,,,
2026352035,2016-04-12,sleep_tracking,,,,1.0,503.0,546.0,
2026352035,2016-04-12,step_tracking,1019.0,600.0,0.0,,,,
2026352035,2016-04-13,sleep_tracking,,,,1.0,531.0,565.0,
2026352035,2016-04-14,sleep_tracking,,,,1.0,545.0,568.0,
2026352035,2016-04-15,sleep_tracking,,,,1.0,523.0,573.0,
2026352035,2016-04-16,sleep_tracking,,,,1.0,524.0,567.0,
2026352035,2016-04-17,sleep_tracking,,,,1.0,437.0,498.0,
2026352035,2016-04-19,sleep_tracking,,,,1.0,498.0,540.0,
2026352035,2016-04-20,sleep_tracking,,,,1.0,461.0,510.0,
2026352035,2016-04-21,sleep_tracking,,,,1.0,477.0,514.0,
2026352035,2016-04-22,sleep_tracking,,,,1.0,520.0,545.0,
2026352035,2016-04-23,sleep_tracking,,,,1.0,522.0,554.0,
2026352035,2016-04-24,sleep_tracking,,,,1.0,555.0,591.0,
2026352035,2016-04-25,sleep_tracking,,,,1.0,506.0,531.0,
2026352035,2016-04-27,sleep_tracking,,,,1.0,508.0,545.0,
2026352035,2016-04-28,sleep_tracking,,,,1.0,513.0,545.0,
2026352035,2016-04-29,sleep_tracking,,,,1.0,490.0,510.0,
2026352035,2016-04-30,sleep_tracking,,,,1.0,573.0,607.0,
2026352035,2016-05-01,sleep_tracking,,,,1.0,527.0,546.0,
2026352035,2016-05-02,sleep_tracking,,,,1.0,511.0,543.0,
2026352035,2016-05-04,sleep_tracking,,,,1.0,538.0,560.0,
2026352035,2016-05-05,sleep_tracking,,,,1.0,468.0,485.0,
2026352035,2016-05-06,sleep_tracking,,,,1.0,524.0,548.0,
2026352035,2016-05-07,sleep_tracking,,,,1.0,511.0,521.0,
2026352035,2016-05-08,sleep_tracking,,,,1.0,541.0,568.0,
2026352035,2016-05-09,sleep_tracking,,,,1.0,531.0,556.0,
2026352035,2016-05-10,sleep_tracking,,,,1.0,357.0,380.0,
2026352035,2016-05-11,sleep_tracking,,,,1.0,523.0,553.0,
2026352035,2016-05-12,sleep_tracking,,,,1.0,456.0,485.0,
2320127002,2016-04-01,step_tracking,0.0,1324.0,0.0,,,,
2320127002,2016-04-02,step_tracking,0.0,1324.0,0.0,,,,
2320127002,2016-04-03,step_tracking,0.0,1324.0,0.0,,,,
2320127002,2016-04-04,step_tracking,0.0,1324.0,0.0,,,,
2320127002,2016-04-05,step_tracking,4931.0,1708.0,0.0,,,,
2320127002,2016-04-06,step_tracking,6999.0,1950.0,0.0,,,,
2320127002,2016-04-07,step_tracking,1846.0,1508.0,0.0,,,,
2320127002,2016-04-08,step_tracking,3417.0,1625.0,0.0,,,,
2320127002,2016-04-09,step_tracking,4863.0,1772.0,1.0,,,,
2320127002,2016-04-10,step_tracking,2277.0,1530.0,0.0,,,,
2320127002,2016-04-11,step_tracking,11230.0,2206.0,10.0,,,,
2320127002,2016-04-12,step_tracking,2098.0,790.0,0.0,,,,
2320127002,2016-04-23,sleep_tracking,,,,1.0,61.0,69.0,
2347167796,2016-03-29,heart_rate_monitoring,,,,,,,8966.0
2347167796,2016-03-29,step_tracking,10272.0,2041.0,2.0,,,,
2347167796,2016-03-30,heart_rate_monitoring,,,,,,,9223.0
2347167796,2016-03-30,step_tracking,10533.0,2187.0,21.0,,,,
2347167796,2016-03-31,heart_rate_monitoring,,,,,,,8773.0
2347167796,2016-03-31,step_tracking,6760.0,1929.0,0.0,,,,
2347167796,2016-04-01,heart_rate_monitoring,,,,,,,8563.0
2347167796,2016-04-01,step_tracking,8328.0,1935.0,0.0,,,,
2347167796,2016-04-02,heart_rate_monitoring,,,,,,,9210.0
2347167796,2016-04-02,step_tracking,15459.0,2438.0,51.0,,,,
2347167796,2016-04-03,heart_rate_monitoring,,,,,,,8569.0
2347167796,2016-04-03,step_tracking,7485.0,2035.0,0.0,,,,
2347167796,2016-04-04,heart_rate_monitoring,,,,,,,8856.0
2347167796,2016-04-04,step_tracking,10254.0,2099.0,21.0,,,,
2347167796,2016-04-05,heart_rate_monitoring,,,,,,,9757.0
2347167796,2016-04-05,step_tracking,10114.0,2096.0,18.0,,,,
2347167796,2016-04-06,heart_rate_monitoring,,,,,,,8716.0
2347167796,2016-04-06,step_tracking,11107.0,2058.0,14.0,,,,
2347167796,2016-04-07,heart_rate_monitoring,,,,,,,6700.0
2347167796,2016-04-07,step_tracking,10320.0,2338.0,15.0,,,,
2347167796,2016-04-08,heart_rate_monitoring,,,,,,,9142.0
2347167796,2016-04-08,step_tracking,10209.0,2104.0,2.0,,,,
2347167796,2016-04-09,heart_rate_monitoring,,,,,,,7098.0
2347167796,2016-04-09,step_tracking,16081.0,2488.0,16.0,,,,
2347167796,2016-04-10,heart_rate_monitoring,,,,,,,8745.0
2347167796,2016-04-10,step_tracking,10078.0,2164.0,12.0,,,,
2347167796,2016-04-11,heart_rate_monitoring,,,,,,,8486.0
2347167796,2016-04-11,step_tracking,10001.0,2009.0,5.0,,,,
2347167796,2016-04-12,step_tracking,0.0,399.0,0.0,,,,
2347167796,2016-04-13,sleep_tracking,,,,1.0,467.0,531.0,
2347167796,2016-04-14,sleep_tracking,,,,1.0,445.0,489.0,
2347167796,2016-04-15,sleep_tracking,,,,1.0,452.0,504.0,
2347167796,2016-04-17,sleep_tracking,,,,1.0,556.0,602.0,
2347167796,2016-04-18,sleep_tracking,,,,1.0,500.0,557.0,
2347167796,2016-04-19,sleep_tracking,,,,1.0,465.0,514.0,
2347167796,2016-04-21,sleep_tracking,,,,1.0,460.0,484.0,
2347167796,2016-04-22,sleep_tracking,,,,1.0,405.0,461.0,
2347167796,2016-04-23,sleep_tracking,,,,1.0,374.0,386.0,
2347167796,2016-04-24,sleep_tracking,,,,1.0,442.0,459.0,
2347167796,2016-04-25,sleep_tracking,,,,1.0,433.0,471.0,
2347167796,2016-04-26,sleep_tracking,,,,1.0,436.0,490.0,
2347167796,2016-04-27,sleep_tracking,,,,1.0,448.0,499.0,
2347167796,2016-04-28,sleep_tracking,,,,1.0,408.0,450.0,
2347167796,2016-04-29,sleep_tracking,,,,1.0,411.0,473.0,
2873212765,2016-04-01,step_tracking,890.0,1335.0,0.0,,,,
2873212765,2016-04-02,step_tracking,2214.0,1559.0,0.0,,,,
2873212765,2016-04-03,step_tracking,7640.0,1845.0,3.0,,,,
2873212765,2016-04-04,step_tracking,9713.0,2046.0,6.0,,,,
2873212765,2016-04-05,step_tracking,8432.0,1953.0,0.0,,,,
2873212765,2016-04-06,step_tracking,7350.0,1910.0,0.0,,,,
2873212765,2016-04-07,step_tracking,9353.0,2035.0,5.0,,,,
2873212765,2016-04-08,step_tracking,7157.0,1944.0,0.0,,,,
2873212765,2016-04-09,step_tracking,14103.0,2257.0,46.0,,,,
2873212765,2016-04-10,step_tracking,5290.0,1724.0,1.0,,,,
2873212765,2016-04-11,step_tracking,7497.0,1741.0,0.0,,,,
2873212765,2016-04-12,step_tracking,0.0,0.0,0.0,,,,
2891001357,2016-03-29,step_tracking,0.0,1920.0,0.0,,,,
2891001357,2016-03-30,step_tracking,0.0,1920.0,0.0,,,,
2891001357,2016-03-31,step_tracking,0.0,1920.0,0.0,,,,
2891001357,2016-04-01,step_tracking,0.0,4562.0,0.0,,,,
2891001357,2016-04-02,step_tracking,4126.0,2881.0,0.0,,,,
2891001357,2016-04-03,step_tracking,0.0,1920.0,0.0,,,,
2891001357,2016-04-04,step_tracking,0.0,1920.0,0.0,,,,
2891001357,2016-04-05,step_tracking,2063.0,1144.0,0.0,,,,
3372868164,2016-04-01,step_tracking,5785.0,1852.0,0.0,,,,
3372868164,2016-04-02,step_tracking,7625.0,2069.0,24.0,,,,
3372868164,2016-04-03,step_tracking,4706.0,1816.0,0.0,,,,
3372868164,2016-04-04,step_tracking,5861.0,1878.0,20.0,,,,
3372868164,2016-04-05,step_tracking,4460.0,1787.0,0.0,,,,
3372868164,2016-04-06,step_tracking,6406.0,2010.0,17.0,,,,
3372868164,2016-04-07,step_tracking,7392.0,2038.0,14.0,,,,
3372868164,2016-04-08,step_tracking,5551.0,1815.0,0.0,,,,
3372868164,2016-04-09,step_tracking,8827.0,2062.0,21.0,,,,
3372868164,2016-04-10,step_tracking,4662.0,1276.0,22.0,,,,
3977333714,2016-04-01,step_tracking,4499.0,1288.0,0.0,,,,
3977333714,2016-04-02,step_tracking,7618.0,1490.0,0.0,,,,
3977333714,2016-04-03,step_tracking,11508.0,1630.0,29.0,,,,
3977333714,2016-04-04,step_tracking,11943.0,1648.0,16.0,,,,
3977333714,2016-04-05,step_tracking,12303.0,1649.0,26.0,,,,
3977333714,2016-04-06,step_tracking,15425.0,1783.0,24.0,,,,
3977333714,2016-04-07,step_tracking,8422.0,1431.0,0.0,,,,
3977333714,2016-04-08,step_tracking,10226.0,1524.0,0.0,,,,
3977333714,2016-04-09,step_tracking,14583.0,1697.0,35.0,,,,
3977333714,2016-04-10,step_tracking,3573.0,1232.0,15.0,,,,
3977333714,2016-04-11,step_tracking,3108.0,1223.0,1.0,,,,
3977333714,2016-04-12,sleep_tracking,,,,1.0,274.0,469.0,
3977333714,2016-04-12,step_tracking,759.0,182.0,0.0,,,,
3977333714,2016-04-13,sleep_tracking,,,,2.0,295.0,456.0,
3977333714,2016-04-14,sleep_tracking,,,,1.0,291.0,397.0,
3977333714,2016-04-15,sleep_tracking,,,,1.0,424.0,556.0,
3977333714,2016-04-16,sleep_tracking,,,,1.0,283.0,510.0,
3977333714,2016-04-17,sleep_tracking,,,,1.0,381.0,566.0,
3977333714,2016-04-18,sleep_tracking,,,,2.0,412.0,522.0,
3977333714,2016-04-19,sleep_tracking,,,,1.0,219.0,395.0,
3977333714,2016-04-20,sleep_tracking,,,,2.0,152.0,305.0,
3977333714,2016-04-21,sleep_tracking,,,,1.0,332.0,512.0,
3977333714,2016-04-22,sleep_tracking,,,,1.0,355.0,476.0,
3977333714,2016-04-23,sleep_tracking,,,,1.0,235.0,372.0,
3977333714,2016-04-24,sleep_tracking,,,,1.0,310.0,526.0,
3977333714,2016-04-25,sleep_tracking,,,,1.0,262.0,467.0,
3977333714,2016-04-26,sleep_tracking,,,,1.0,250.0,371.0,
3977333714,2016-04-27,sleep_tracking,,,,1.0,349.0,540.0,
3977333714,2016-04-28,sleep_tracking,,,,1.0,261.0,423.0,
3977333714,2016-04-29,sleep_tracking,,,,1.0,333.0,478.0,
3977333714,2016-04-30,sleep_tracking,,,,1.0,237.0,382.0,
3977333714,2016-05-01,sleep_tracking,,,,1.0,383.0,626.0,
3977333714,2016-05-02,sleep_tracking,,,,1.0,230.0,384.0,
3977333714,2016-05-03,sleep_tracking,,,,1.0,292.0,500.0,
3977333714,2016-05-04,sleep_tracking,,,,1.0,213.0,336.0,
3977333714,2016-05-05,sleep_tracking,,,,1.0,318.0,480.0,
3977333714,2016-05-06,sleep_tracking,,,,1.0,323.0,512.0,
3977333714,2016-05-07,sleep_tracking,,,,1.0,237.0,443.0,
3977333714,2016-05-08,sleep_tracking,,,,2.0,259.0,456.0,
3977333714,2016-05-10,sleep_tracking,,,,1.0,312.0,452.0,
4020332650,2016-03-12,step_tracking,5543.0,2990.0,0.0,,,,
4020332650,2016-03-13,step_tracking,3226.0,2480.0,0.0,,,,
4020332650,2016-03-14,step_tracking,3023.0,2570.0,0.0,,,,
4020332650,2016-03-15,step_tracking,5906.0,3016.0,0.0,,,,
4020332650,2016-03-16,step_tracking,12483.0,3830.0,25.0,,,,
4020332650,2016-03-17,step_tracking,8940.0,3706.0,0.0,,,,
4020332650,2016-03-18,step_tracking,368.0,2024.0,0.0,,,,
4020332650,2016-03-19,step_tracking,5702.0,2980.0,0.0,,,,
4020332650,2016-03-20,step_tracking,10330.0,3728.0,0.0,,,,
4020332650,2016-03-21,step_tracking,8778.0,3348.0,0.0,,,,
4020332650,2016-03-22,step_tracking,6662.0,3162.0,0.0,,,,
4020332650,2016-03-23,step_tracking,6309.0,3140.0,0.0,,,,
4020332650,2016-03-24,step_tracking,1951.0,1980.0,0.0,,,,
4020332650,2016-03-25,step_tracking,5563.0,3681.0,0.0,,,,
4020332650,2016-03-26,step_tracking,4370.0,3444.0,0.0,,,,
4020332650,2016-03-27,step_tracking,7144.0,3510.0,0.0,,,,
4020332650,2016-03-28,step_tracking,2106.0,4010.0,31.0,,,,
4020332650,2016-03-29,step_tracking,4152.0,2976.0,0.0,,,,
4020332650,2016-03-30,step_tracking,5400.0,3418.0,0.0,,,,
4020332650,2016-03-31,step_tracking,7428.0,3439.0,18.0,,,,
4020332650,2016-04-01,heart_rate_monitoring,,,,,,,34210.0
4020332650,2016-04-01,step_tracking,5351.0,3338.0,15.0,,,,
4020332650,2016-04-02,heart_rate_monitoring,,,,,,,27930.0
4020332650,2016-04-02,step_tracking,4299.0,2892.0,3.0,,,,
4020332650,2016-04-03,heart_rate_monitoring,,,,,,,34701.0
4020332650,2016-04-03,step_tracking,6107.0,3313.0,0.0,,,,
4020332650,2016-04-04,heart_rate_monitoring,,,,,,,30201.0
4020332650,2016-04-04,step_tracking,6429.0,3118.0,0.0,,,,
4020332650,2016-04-05,heart_rate_monitoring,,,,,,,13793.0
4020332650,2016-04-05,step_tracking,6880.0,2966.0,7.0,,,,
4020332650,2016-04-06,heart_rate_monitoring,,,,,,,34247.0
4020332650,2016-04-06,step_tracking,7476.0,3253.0,0.0,,,,
4020332650,2016-04-07,heart_rate_monitoring,,,,,,,18023.0
4020332650,2016-04-07,step_tracking,6581.0,3032.0,0.0,,,,
4020332650,2016-04-08,heart_rate_monitoring,,,,,,,25956.0
4020332650,2016-04-08,step_tracking,10480.0,4034.0,6.0,,,,
4020332650,2016-04-09,heart_rate_monitoring,,,,,,,16471.0
4020332650,2016-04-09,step_tracking,7734.0,3264.0,20.0,,,,
4020332650,2016-04-10,heart_rate_monitoring,,,,,,,14543.0
4020332650,2016-04-10,step_tracking,5129.0,2817.0,5.0,,,,
4020332650,2016-04-11,heart_rate_monitoring,,,,,,,25584.0
4020332650,2016-04-11,step_tracking,2993.0,2507.0,0.0,,,,
4020332650,2016-04-12,heart_rate_monitoring,,,,,,,8135.0
4020332650,2016-04-12,sleep_tracking,,,,1.0,501.0,541.0,
4020332650,2016-04-12,step_tracking,8.0,446.0,0.0,,,,
4020332650,2016-04-16,sleep_tracking,,,,1.0,77.0,77.0,
4020332650,2016-05-03,sleep_tracking,,,,1.0,322.0,332.0,
4020332650,2016-05-04,sleep_tracking,,,,1.0,478.0,536.0,
4020332650,2016-05-05,sleep_tracking,,,,1.0,226.0,248.0,
4020332650,2016-05-06,sleep_tracking,,,,1.0,385.0,408.0,
4020332650,2016-05-08,sleep_tracking,,,,1.0,364.0,402.0,
4020332650,2016-05-10,sleep_tracking,,,,1.0,442.0,494.0,
4057192912,2016-03-12,step_tracking,0.0,1777.0,0.0,,,,
4057192912,2016-03-13,step_tracking,0.0,1777.0,0.0,,,,
4057192912,2016-03-14,step_tracking,8433.0,2453.0,30.0,,,,
4057192912,2016-03-15,step_tracking,0.0,1776.0,0.0,,,,
4057192912,2016-03-16,step_tracking,2139.0,1935.0,0.0,,,,
4057192912,2016-03-17,step_tracking,0.0,1776.0,0.0,,,,
4057192912,2016-03-18,step_tracking,949.0,1870.0,0.0,,,,
4057192912,2016-03-19,step_tracking,0.0,1777.0,0.0,,,,
4057192912,2016-03-20,step_tracking,44.0,1782.0,0.0,,,,
4057192912,2016-03-21,step_tracking,2660.0,1978.0,0.0,,,,
4057192912,2016-03-22,step_tracking,5561.0,2296.0,0.0,,,,
4057192912,2016-03-23,step_tracking,7239.0,2484.0,7.0,,,,
4057192912,2016-03-24,step_tracking,7.0,1787.0,0.0,,,,
4057192912,2016-03-25,step_tracking,0.0,1776.0,0.0,,,,
4057192912,2016-03-26,step_tracking,0.0,1776.0,0.0,,,,
4057192912,2016-03-27,step_tracking,2275.0,2005.0,0.0,,,,
4057192912,2016-03-28,step_tracking,8.0,1778.0,0.0,,,,
4057192912,2016-03-29,step_tracking,5137.0,2293.0,0.0,,,,
4057192912,2016-03-30,step_tracking,5419.0,2259.0,0.0,,,,
4057192912,2016-03-31,step_tracking,0.0,1776.0,0.0,,,,
4057192912,2016-04-01,step_tracking,0.0,1776.0,0.0,,,,
4057192912,2016-04-02,step_tracking,0.0,1776.0,0.0,,,,
4057192912,2016-04-03,step_tracking,0.0,1776.0,0.0,,,,
4057192912,2016-04-04,step_tracking,0.0,1776.0,0.0,,,,
4057192912,2016-04-05,step_tracking,0.0,1776.0,0.0,,,,
4057192912,2016-04-06,step_tracking,18.0,1780.0,0.0,,,,
4057192912,2016-04-07,step_tracking,4.0,1778.0,0.0,,,,
4057192912,2016-04-08,step_tracking,8426.0,2360.0,2.0,,,,
4057192912,2016-04-09,step_tracking,1650.0,1952.0,0.0,,,,
4057192912,2016-04-10,step_tracking,3434.0,2101.0,1.0,,,,
4057192912,2016-04-11,step_tracking,6801.0,2393.0,0.0,,,,
4057192912,2016-04-12,step_tracking,187.0,538.0,0.0,,,,
4319703577,2016-03-29,step_tracking,5643.0,1958.0,3.0,,,,
4319703577,2016-03-30,step_tracking,9043.0,2141.0,4.0,,,,
4319703577,2016-03-31,step_tracking,8144.0,2129.0,4.0,,,,
4319703577,2016-04-01,step_tracking,9343.0,2216.0,14.0,,,,
4319703577,2016-04-02,step_tracking,8405.0,2154.0,15.0,,,,
4319703577,2016-04-03,step_tracking,8223.0,2178.0,12.0,,,,
4319703577,2016-04-04,step_tracking,10067.0,2308.0,5.0,,,,
4319703577,2016-04-05,step_tracking,8359.0,2201.0,3.0,,,,
4319703577,2016-04-06,step_tracking,10946.0,2341.0,8.0,,,,
4319703577,2016-04-07,step_tracking,9130.0,2236.0,7.0,,,,
4319703577,2016-04-08,step_tracking,6544.0,2069.0,4.0,,,,
4319703577,2016-04-09,step_tracking,0.0,0.0,0.0,,,,
4319703577,2016-04-14,sleep_tracking,,,,1.0,535.0,557.0,
4319703577,2016-04-15,sleep_tracking,,,,1.0,465.0,491.0,
4319703577,2016-04-16,sleep_tracking,,,,1.0,506.0,522.0,
4319703577,2016-04-18,sleep_tracking,,,,1.0,515.0,551.0,
4319703577,2016-04-19,sleep_tracking,,,,2.0,461.0,498.0,
4319703577,2016-04-20,sleep_tracking,,,,1.0,523.0,543.0,
4319703577,2016-04-21,sleep_tracking,,,,1.0,59.0,65.0,
4319703577,2016-04-22,sleep_tracking,,,,1.0,533.0,550.0,
4319703577,2016-04-23,sleep_tracking,,,,1.0,692.0,722.0,
4319703577,2016-04-24,sleep_tracking,,,,1.0,467.0,501.0,
4319703577,2016-04-25,sleep_tracking,,,,1.0,488.0,506.0,
4319703577,2016-04-26,sleep_tracking,,,,1.0,505.0,516.0,
4319703577,2016-04-27,sleep_tracking,,,,1.0,286.0,307.0,
4319703577,2016-04-28,sleep_tracking,,,,1.0,497.0,522.0,
4319703577,2016-04-29,sleep_tracking,,,,1.0,523.0,546.0,
4319703577,2016-04-30,sleep_tracking,,,,1.0,490.0,516.0,
4319703577,2016-05-01,sleep_tracking,,,,1.0,484.0,500.0,
4319703577,2016-05-02,sleep_tracking,,,,1.0,478.0,506.0,
4319703577,2016-05-03,sleep_tracking,,,,1.0,474.0,512.0,
4319703577,2016-05-06,sleep_tracking,,,,1.0,450.0,491.0,
4319703577,2016-05-07,sleep_tracking,,,,1.0,507.0,530.0,
4319703577,2016-05-08,sleep_tracking,,,,1.0,602.0,638.0,
4319703577,2016-05-09,sleep_tracking,,,,1.0,535.0,565.0,
4319703577,2016-05-10,sleep_tracking,,,,1.0,487.0,517.0,
4319703577,2016-05-11,sleep_tracking,,,,1.0,529.0,558.0,
4319703577,2016-05-12,sleep_tracking,,,,1.0,302.0,321.0,
4388161847,2016-03-29,step_tracking,0.0,1878.0,0.0,,,,
4388161847,2016-03-30,step_tracking,0.0,1878.0,0.0,,,,
4388161847,2016-03-31,step_tracking,0.0,1878.0,0.0,,,,
4388161847,2016-04-01,step_tracking,0.0,1878.0,0.0,,,,
4388161847,2016-04-02,step_tracking,0.0,1878.0,0.0,,,,
4388161847,2016-04-03,step_tracking,0.0,1878.0,0.0,,,,
4388161847,2016-04-04,step_tracking,0.0,1878.0,0.0,,,,
4388161847,2016-04-05,step_tracking,0.0,1296.0,0.0,,,,
4388161847,2016-04-15,sleep_tracking,,,,1.0,499.0,526.0,
4388161847,2016-04-16,sleep_tracking,,,,2.0,426.0,448.0,
4388161847,2016-04-17,sleep_tracking,,,,2.0,619.0,641.0,
4388161847,2016-04-18,sleep_tracking,,,,1.0,99.0,104.0,
4388161847,2016-04-19,sleep_tracking,,,,1.0,329.0,338.0,
4388161847,2016-04-20,sleep_tracking,,,,1.0,421.0,451.0,
4388161847,2016-04-21,sleep_tracking,,,,1.0,442.0,458.0,
4388161847,2016-04-22,sleep_tracking,,,,1.0,82.0,85.0,
4388161847,2016-04-23,sleep_tracking,,,,1.0,478.0,501.0,
4388161847,2016-04-24,sleep_tracking,,,,3.0,552.0,595.0,
4388161847,2016-04-26,sleep_tracking,,,,1.0,319.0,346.0,
4388161847,2016-04-27,sleep_tracking,,,,1.0,439.0,500.0,
4388161847,2016-04-28,sleep_tracking,,,,1.0,428.0,458.0,
4388161847,2016-04-30,sleep_tracking,,,,2.0,409.0,430.0,
4388161847,2016-05-01,sleep_tracking,,,,1.0,547.0,597.0,
4388161847,2016-05-02,sleep_tracking,,,,2.0,368.0,376.0,
4388161847,2016-05-04,sleep_tracking,,,,1.0,390.0,414.0,
4388161847,2016-05-05,sleep_tracking,,,,2.0,942.0,990.0,
4388161847,2016-05-07,sleep_tracking,,,,1.0,472.0,496.0,
4388161847,2016-05-08,sleep_tracking,,,,2.0,529.0,541.0,
4388161847,2016-05-09,sleep_tracking,,,,1.0,62.0,65.0,
4388161847,2016-05-10,sleep_tracking,,,,1.0,354.0,375.0,
4388161847,2016-05-11,sleep_tracking,,,,1.0,469.0,494.0,
4445114986,2016-03-29,step_tracking,2303.0,2010.0,0.0,,,,
4445114986,2016-03-30,step_tracking,2600.0,2032.0,0.0,,,,
4445114986,2016-03-31,step_tracking,4804.0,2227.0,0.0,,,,
4445114986,2016-04-01,step_tracking,3271.0,2133.0,0.0,,,,
4445114986,2016-04-02,step_tracking,5406.0,2317.0,0.0,,,,
4445114986,2016-04-03,step_tracking,3146.0,2058.0,0.0,,,,
4445114986,2016-04-04,step_tracking,2422.0,1935.0,0.0,,,,
4445114986,2016-04-05,step_tracking,4239.0,2217.0,1.0,,,,
4445114986,2016-04-06,step_tracking,6911.0,2374.0,28.0,,,,
4445114986,2016-04-07,step_tracking,6667.0,2335.0,24.0,,,,
4445114986,2016-04-08,step_tracking,5543.0,2303.0,0.0,,,,
4445114986,2016-04-09,step_tracking,4195.0,2210.0,0.0,,,,
4445114986,2016-04-10,step_tracking,6625.0,2424.0,0.0,,,,
4445114986,2016-04-11,step_tracking,5986.0,2297.0,23.0,,,,
4445114986,2016-04-12,sleep_tracking,,,,2.0,429.0,457.0,
4445114986,2016-04-12,step_tracking,278.0,745.0,0.0,,,,
4445114986,2016-04-13,sleep_tracking,,,,2.0,370.0,406.0,
4445114986,2016-04-14,sleep_tracking,,,,1.0,441.0,492.0,
4445114986,2016-04-15,sleep_tracking,,,,2.0,337.0,379.0,
4445114986,2016-04-16,sleep_tracking,,,,1.0,462.0,499.0,
4445114986,2016-04-17,sleep_tracking,,,,1.0,98.0,107.0,
4445114986,2016-04-19,sleep_tracking,,,,2.0,388.0,424.0,
4445114986,2016-04-20,sleep_tracking,,,,1.0,439.0,462.0,
4445114986,2016-04-21,sleep_tracking,,,,1.0,436.0,469.0,
4445114986,2016-04-22,sleep_tracking,,,,1.0,388.0,417.0,
4445114986,2016-04-25,sleep_tracking,,,,1.0,328.0,345.0,
4445114986,2016-04-26,sleep_tracking,,,,2.0,353.0,391.0,
4445114986,2016-04-27,sleep_tracking,,,,1.0,332.0,374.0,
4445114986,2016-04-28,sleep_tracking,,,,1.0,419.0,442.0,
4445114986,2016-04-29,sleep_tracking,,,,1.0,106.0,108.0,
4445114986,2016-04-30,sleep_tracking,,,,1.0,322.0,353.0,
4445114986,2016-05-01,sleep_tracking,,,,2.0,439.0,459.0,
4445114986,2016-05-02,sleep_tracking,,,,1.0,502.0,542.0,
4445114986,2016-05-03,sleep_tracking,,,,2.0,417.0,450.0,
4445114986,2016-05-04,sleep_tracking,,,,2.0,337.0,363.0,
4445114986,2016-05-05,sleep_tracking,,,,2.0,462.0,513.0,
4445114986,2016-05-06,sleep_tracking,,,,2.0,374.0,402.0,
4445114986,2016-05-07,sleep_tracking,,,,2.0,401.0,436.0,
4445114986,2016-05-08,sleep_tracking,,,,1.0,361.0,391.0,
4445114986,2016-05-09,sleep_tracking,,,,1.0,457.0,533.0,
4445114986,2016-05-10,sleep_tracking,,,,1.0,405.0,426.0,
4445114986,2016-05-11,sleep_tracking,,,,1.0,499.0,530.0,
4445114986,2016-05-12,sleep_tracking,,,,1.0,483.0,501.0,
4558609924,2016-04-01,heart_rate_monitoring,,,,,,,5375.0
4558609924,2016-04-01,step_tracking,5336.0,1902.0,0.0,,,,
4558609924,2016-04-02,heart_rate_monitoring,,,,,,,5621.0
4558609924,2016-04-02,step_tracking,3183.0,1680.0,0.0,,,,
4558609924,2016-04-03,heart_rate_monitoring,,,,,,,6884.0
4558609924,2016-04-03,step_tracking,6176.0,1901.0,1.0,,,,
4558609924,2016-04-04,heart_rate_monitoring,,,,,,,6650.0
4558609924,2016-04-04,step_tracking,8205.0,2078.0,0.0,,,,
4558609924,2016-04-05,heart_rate_monitoring,,,,,,,5262.0
4558609924,2016-04-05,step_tracking,6799.0,1876.0,24.0,,,,
4558609924,2016-04-06,heart_rate_monitoring,,,,,,,6172.0
4558609924,2016-04-06,step_tracking,5668.0,1853.0,0.0,,,,
4558609924,2016-04-07,heart_rate_monitoring,,,,,,,7337.0
4558609924,2016-04-07,step_tracking,7998.0,2235.0,27.0,,,,
4558609924,2016-04-08,heart_rate_monitoring,,,,,,,6660.0
4558609924,2016-04-08,step_tracking,4195.0,1778.0,0.0,,,,
4558609924,2016-04-09,heart_rate_monitoring,,,,,,,6540.0
4558609924,2016-04-09,step_tracking,5512.0,1882.0,0.0,,,,
4558609924,2016-04-10,heart_rate_monitoring,,,,,,,5583.0
4558609924,2016-04-10,step_tracking,6263.0,1906.0,0.0,,,,
4558609924,2016-04-11,heart_rate_monitoring,,,,,,,5689.0
4558609924,2016-04-11,step_tracking,8828.0,2149.0,0.0,,,,
4558609924,2016-04-12,heart_rate_monitoring,,,,,,,1566.0
4558609924,2016-04-12,step_tracking,1260.0,722.0,0.0,,,,
4558609924,2016-04-21,sleep_tracking,,,,1.0,126.0,137.0,
4558609924,2016-04-26,sleep_tracking,,,,1.0,103.0,121.0,
4558609924,2016-04-29,sleep_tracking,,,,1.0,171.0,179.0,
4558609924,2016-05-01,sleep_tracking,,,,1.0,115.0,129.0,
4558609924,2016-05-08,sleep_tracking,,,,1.0,123.0,134.0,
4702921684,2016-03-29,step_tracking,6506.0,2886.0,4.0,,,,
4702921684,2016-03-30,step_tracking,7583.0,2915.0,3.0,,,,
4702921684,2016-03-31,step_tracking,6963.0,2895.0,0.0,,,,
4702921684,2016-04-01,step_tracking,7165.0,2923.0,0.0,,,,
4702921684,2016-04-02,step_tracking,10328.0,3323.0,0.0,,,,
4702921684,2016-04-03,step_tracking,12116.0,3357.0,3.0,,,,
4702921684,2016-04-04,step_tracking,7810.0,2931.0,6.0,,,,
4702921684,2016-04-05,step_tracking,6670.0,2848.0,15.0,,,,
4702921684,2016-04-06,step_tracking,7605.0,2943.0,4.0,,,,
4702921684,2016-04-07,step_tracking,6585.0,2822.0,0.0,,,,
4702921684,2016-04-08,step_tracking,8184.0,2981.0,0.0,,,,
4702921684,2016-04-09,step_tracking,14002.0,3597.0,8.0,,,,
4702921684,2016-04-10,step_tracking,11135.0,3224.0,1.0,,,,
4702921684,2016-04-11,step_tracking,6499.0,2677.0,0.0,,,,
4702921684,2016-04-12,sleep_tracking,,,,1.0,425.0,439.0,
4702921684,2016-04-12,step_tracking,0.0,0.0,0.0,,,,
4702921684,2016-04-13,sleep_tracking,,,,2.0,400.0,430.0,
4702921684,2016-04-14,sleep_tracking,,,,1.0,384.0,415.0,
4702921684,2016-04-15,sleep_tracking,,,,1.0,253.0,257.0,
4702921684,2016-04-16,sleep_tracking,,,,2.0,382.0,406.0,
4702921684,2016-04-17,sleep_tracking,,,,1.0,591.0,612.0,
4702921684,2016-04-18,sleep_tracking,,,,1.0,293.0,312.0,
4702921684,2016-04-19,sleep_tracking,,,,1.0,457.0,487.0,
4702921684,2016-04-20,sleep_tracking,,,,1.0,454.0,468.0,
4702921684,2016-04-21,sleep_tracking,,,,1.0,425.0,434.0,
4702921684,2016-04-23,sleep_tracking,,,,1.0,465.0,475.0,
4702921684,2016-04-24,sleep_tracking,,,,1.0,480.0,506.0,
4702921684,2016-04-25,sleep_tracking,,,,1.0,370.0,380.0,
4702921684,2016-04-26,sleep_tracking,,,,1.0,421.0,429.0,
4702921684,2016-04-27,sleep_tracking,,,,1.0,432.0,449.0,
4702921684,2016-04-28,sleep_tracking,,,,1.0,442.0,461.0,
4702921684,2016-04-29,sleep_tracking,,,,1.0,433.0,447.0,
4702921684,2016-04-30,sleep_tracking,,,,1.0,479.0,501.0,
4702921684,2016-05-03,sleep_tracking,,,,1.0,327.0,373.0,
4702921684,2016-05-04,sleep_tracking,,,,1.0,412.0,434.0,
4702921684,2016-05-05,sleep_tracking,,,,1.0,414.0,428.0,
4702921684,2016-05-06,sleep_tracking,,,,1.0,404.0,449.0,
4702921684,2016-05-07,sleep_tracking,,,,2.0,1040.0,1086.0,
4702921684,2016-05-09,sleep_tracking,,,,1.0,435.0,458.0,
4702921684,2016-05-10,sleep_tracking,,,,1.0,416.0,431.0,
4702921684,2016-05-11,sleep_tracking,,,,1.0,354.0,366.0,
4702921684,2016-05-12,sleep_tracking,,,,1.0,404.0,442.0,
5553957443,2016-04-01,heart_rate_monitoring,,,,,,,9743.0
5553957443,2016-04-01,step_tracking,12409.0,2142.0,51.0,,,,
5553957443,2016-04-02,heart_rate_monitoring,,,,,,,8140.0
5553957443,2016-04-02,step_tracking,2937.0,1615.0,0.0,,,,
5553957443,2016-04-03,heart_rate_monitoring,,,,,,,4284.0
5553957443,2016-04-03,step_tracking,1515.0,1481.0,0.0,,,,
5553957443,2016-04-04,heart_rate_monitoring,,,,,,,9200.0
5553957443,2016-04-04,step_tracking,8921.0,1892.0,27.0,,,,
5553957443,2016-04-05,heart_rate_monitoring,,,,,,,9600.0
5553957443,2016-04-05,step_tracking,11306.0,2086.0,40.0,,,,
5553957443,2016-04-06,heart_rate_monitoring,,,,,,,8347.0
5553957443,2016-04-06,step_tracking,12252.0,2044.0,33.0,,,,
5553957443,2016-04-07,heart_rate_monitoring,,,,,,,10605.0
5553957443,2016-04-07,step_tracking,15444.0,2249.0,51.0,,,,
5553957443,2016-04-08,heart_rate_monitoring,,,,,,,9296.0
5553957443,2016-04-08,step_tracking,9938.0,2019.0,38.0,,,,
5553957443,2016-04-09,heart_rate_monitoring,,,,,,,9970.0
5553957443,2016-04-09,step_tracking,4599.0,1692.0,0.0,,,,
5553957443,2016-04-10,heart_rate_monitoring,,,,,,,7760.0
5553957443,2016-04-10,step_tracking,5594.0,1712.0,4.0,,,,
5553957443,2016-04-11,heart_rate_monitoring,,,,,,,8430.0
5553957443,2016-04-11,step_tracking,11906.0,2065.0,32.0,,,,
5553957443,2016-04-12,heart_rate_monitoring,,,,,,,2422.0
5553957443,2016-04-12,sleep_tracking,,,,1.0,441.0,464.0,
5553957443,2016-04-12,step_tracking,3436.0,633.0,7.0,,,,
5553957443,2016-04-13,sleep_tracking,,,,2.0,455.0,488.0,
5553957443,2016-04-14,sleep_tracking,,,,1.0,357.0,418.0,
5553957443,2016-04-15,sleep_tracking,,,,1.0,377.0,409.0,
5553957443,2016-04-16,sleep_tracking,,,,2.0,651.0,686.0,
5553957443,2016-04-17,sleep_tracking,,,,1.0,350.0,402.0,
5553957443,2016-04-18,sleep_tracking,,,,2.0,520.0,541.0,
5553957443,2016-04-19,sleep_tracking,,,,1.0,357.0,410.0,
5553957443,2016-04-20,sleep_tracking,,,,1.0,658.0,678.0,
5553957443,2016-04-21,sleep_tracking,,,,1.0,399.0,431.0,
5553957443,2016-04-22,sleep_tracking,,,,1.0,322.0,353.0,
5553957443,2016-04-23,sleep_tracking,,,,2.0,631.0,725.0,
5553957443,2016-04-24,sleep_tracking,,,,2.0,553.0,640.0,
5553957443,2016-04-25,sleep_tracking,,,,1.0,433.0,468.0,
5553957443,2016-04-26,sleep_tracking,,,,1.0,412.0,453.0,
5553957443,2016-04-27,sleep_tracking,,,,1.0,347.0,391.0,
5553957443,2016-04-28,sleep_tracking,,,,1.0,421.0,457.0,
5553957443,2016-04-29,sleep_tracking,,,,1.0,450.0,495.0,
5553957443,2016-04-30,sleep_tracking,,,,2.0,775.0,843.0,
5553957443,2016-05-01,sleep_tracking,,,,2.0,622.0,686.0,
5553957443,2016-05-02,sleep_tracking,,,,1.0,409.0,471.0,
5553957443,2016-05-03,sleep_tracking,,,,1.0,380.0,429.0,
5553957443,2016-05-04,sleep_tracking,,,,1.0,447.0,470.0,
5553957443,2016-05-05,sleep_tracking,,,,1.0,419.0,464.0,
5553957443,2016-05-06,sleep_tracking,,,,1.0,400.0,434.0,
5553957443,2016-05-07,sleep_tracking,,,,1.0,442.0,470.0,
5553957443,2016-05-08,sleep_tracking,,,,1.0,568.0,608.0,
5553957443,2016-05-09,sleep_tracking,,,,1.0,453.0,494.0,
5553957443,2016-05-10,sleep_tracking,,,,1.0,418.0,443.0,
5553957443,2016-05-11,sleep_tracking,,,,1.0,463.0,486.0,
5553957443,2016-05-12,sleep_tracking,,,,1.0,438.0,475.0,
5577150313,2016-04-01,heart_rate_monitoring,,,,,,,8948.0
5577150313,2016-04-01,step_tracking,10461.0,3625.0,99.0,,,,
5577150313,2016-04-02,heart_rate_monitoring,,,,,,,8851.0
5577150313,2016-04-02,step_tracking,14873.0,4430.0,202.0,,,,
5577150313,2016-04-03,heart_rate_monitoring,,,,,,,8210.0
5577150313,2016-04-03,step_tracking,9917.0,3427.0,58.0,,,,
5577150313,2016-04-04,heart_rate_monitoring,,,,,,,8759.0
5577150313,2016-04-04,step_tracking,7401.0,3492.0,70.0,,,,
5577150313,2016-04-05,heart_rate_monitoring,,,,,,,8857.0
5577150313,2016-04-05,step_tracking,8964.0,3597.0,107.0,,,,
5577150313,2016-04-06,heart_rate_monitoring,,,,,,,10208.0
5577150313,2016-04-06,step_tracking,11080.0,3765.0,83.0,,,,
5577150313,2016-04-07,heart_rate_monitoring,,,,,,,8504.0
5577150313,2016-04-07,step_tracking,4499.0,2775.0,31.0,,,,
5577150313,2016-04-08,heart_rate_monitoring,,,,,,,3934.0
5577150313,2016-04-08,step_tracking,4363.0,2486.0,8.0,,,,
5577150313,2016-04-09,heart_rate_monitoring,,,,,,,8887.0
5577150313,2016-04-09,step_tracking,10494.0,3817.0,123.0,,,,
5577150313,2016-04-10,heart_rate_monitoring,,,,,,,8670.0
5577150313,2016-04-10,step_tracking,9776.0,3378.0,80.0,,,,
5577150313,2016-04-11,heart_rate_monitoring,,,,,,,3821.0
5577150313,2016-04-11,step_tracking,2862.0,1511.0,39.0,,,,
5577150313,2016-04-12,sleep_tracking,,,,1.0,419.0,438.0,
5577150313,2016-04-13,sleep_tracking,,,,1.0,432.0,458.0,
5577150313,2016-04-14,sleep_tracking,,,,1.0,477.0,497.0,
5577150313,2016-04-15,sleep_tracking,,,,1.0,392.0,413.0,
5577150313,2016-04-16,sleep_tracking,,,,1.0,406.0,445.0,
5577150313,2016-04-17,sleep_tracking,,,,1.0,549.0,583.0,
5577150313,2016-04-18,sleep_tracking,,,,1.0,527.0,553.0,
5577150313,2016-04-19,sleep_tracking,,,,1.0,449.0,465.0,
5577150313,2016-04-20,sleep_tracking,,,,1.0,447.0,480.0,
5577150313,2016-04-21,sleep_tracking,,,,1.0,414.0,437.0,
5577150313,2016-04-22,sleep_tracking,,,,1.0,338.0,366.0,
5577150313,2016-04-23,sleep_tracking,,,,1.0,384.0,402.0,
5577150313,2016-04-24,sleep_tracking,,,,1.0,543.0,615.0,
5577150313,2016-04-25,sleep_tracking,,,,1.0,421.0,461.0,
5577150313,2016-04-26,sleep_tracking,,,,1.0,354.0,377.0,
5577150313,2016-04-27,sleep_tracking,,,,1.0,424.0,452.0,
5577150313,2016-04-28,sleep_tracking,,,,1.0,361.0,372.0,
5577150313,2016-04-29,sleep_tracking,,,,1.0,459.0,485.0,
5577150313,2016-04-30,sleep_tracking,,,,1.0,412.0,433.0,
5577150313,2016-05-01,sleep_tracking,,,,1.0,379.0,398.0,
5577150313,2016-05-02,sleep_tracking,,,,2.0,525.0,553.0,
5577150313,2016-05-03,sleep_tracking,,,,1.0,508.0,543.0,
5577150313,2016-05-04,sleep_tracking,,,,1.0,603.0,634.0,
5577150313,2016-05-05,sleep_tracking,,,,1.0,74.0,78.0,
5577150313,2016-05-10,sleep_tracking,,,,1.0,504.0,562.0,
5577150313,2016-05-11,sleep_tracking,,,,1.0,431.0,476.0,
6117666160,2016-04-01,heart_rate_monitoring,,,,,,,8987.0
6117666160,2016-04-01,step_tracking,7444.0,2210.0,0.0,,,,
6117666160,2016-04-02,heart_rate_monitoring,,,,,,,5894.0
6117666160,2016-04-02,step_tracking,19658.0,2884.0,3.0,,,,
6117666160,2016-04-03,step_tracking,0.0,1496.0,0.0,,,,
6117666160,2016-04-04,heart_rate_monitoring,,,,,,,4895.0
6117666160,2016-04-04,step_tracking,8468.0,2262.0,2.0,,,,
6117666160,2016-04-05,heart_rate_monitoring,,,,,,,6640.0
6117666160,2016-04-05,step_tracking,9910.0,2445.0,0.0,,,,
6117666160,2016-04-06,heart_rate_monitoring,,,,,,,9605.0
6117666160,2016-04-06,step_tracking,12409.0,2694.0,0.0,,,,
6117666160,2016-04-07,heart_rate_monitoring,,,,,,,5603.0
6117666160,2016-04-07,step_tracking,4853.0,1903.0,0.0,,,,
6117666160,2016-04-08,heart_rate_monitoring,,,,,,,5548.0
6117666160,2016-04-08,step_tracking,8955.0,2482.0,0.0,,,,
6117666160,2016-04-09,heart_rate_monitoring,,,,,,,6494.0
6117666160,2016-04-09,step_tracking,10789.0,2617.0,0.0,,,,
6117666160,2016-04-10,step_tracking,0.0,0.0,0.0,,,,
6117666160,2016-04-16,sleep_tracking,,,,1.0,380.0,398.0,
6117666160,2016-04-17,sleep_tracking,,,,2.0,336.0,350.0,
6117666160,2016-04-18,sleep_tracking,,,,2.0,493.0,510.0,
6117666160,2016-04-19,sleep_tracking,,,,1.0,465.0,492.0,
6117666160,2016-04-20,sleep_tracking,,,,1.0,474.0,502.0,
6117666160,2016-04-21,sleep_tracking,,,,1.0,508.0,550.0,
6117666160,2016-04-22,sleep_tracking,,,,1.0,480.0,546.0,
6117666160,2016-04-23,sleep_tracking,,,,1.0,492.0,539.0,
6117666160,2016-04-24,sleep_tracking,,,,1.0,353.0,367.0,
6117666160,2016-04-27,sleep_tracking,,,,1.0,542.0,557.0,
6117666160,2016-04-28,sleep_tracking,,,,1.0,393.0,416.0,
6117666160,2016-04-29,sleep_tracking,,,,1.0,600.0,636.0,
6117666160,2016-05-01,sleep_tracking,,,,1.0,507.0,575.0,
6117666160,2016-05-05,sleep_tracking,,,,1.0,392.0,415.0,
6117666160,2016-05-06,sleep_tracking,,,,2.0,658.0,698.0,
6117666160,2016-05-07,sleep_tracking,,,,2.0,498.0,507.0,
6117666160,2016-05-08,sleep_tracking,,,,1.0,555.0,603.0,
6117666160,2016-05-09,sleep_tracking,,,,1.0,492.0,522.0,
6290855005,2016-04-01,step_tracking,6633.0,2778.0,0.0,,,,
6290855005,2016-04-02,step_tracking,9548.0,3119.0,25.0,,,,
6290855005,2016-04-03,step_tracking,0.0,2664.0,33.0,,,,
6290855005,2016-04-04,step_tracking,0.0,2060.0,0.0,,,,
6290855005,2016-04-05,step_tracking,0.0,2060.0,0.0,,,,
6290855005,2016-04-06,step_tracking,0.0,2060.0,0.0,,,,
6290855005,2016-04-07,step_tracking,0.0,2060.0,0.0,,,,
6290855005,2016-04-08,step_tracking,0.0,2060.0,0.0,,,,
6290855005,2016-04-09,step_tracking,0.0,2060.0,0.0,,,,
6290855005,2016-04-10,step_tracking,0.0,735.0,20.0,,,,
6391747486,2016-04-01,step_tracking,0.0,1820.0,0.0,,,,
6391747486,2016-04-02,step_tracking,2101.0,2224.0,46.0,,,,
6391747486,2016-04-03,step_tracking,0.0,1820.0,0.0,,,,
6391747486,2016-04-04,step_tracking,0.0,1820.0,0.0,,,,
6391747486,2016-04-05,heart_rate_monitoring,,,,,,,3199.0
6391747486,2016-04-05,step_tracking,9766.0,2442.0,0.0,,,,
6391747486,2016-04-06,step_tracking,165.0,1849.0,0.0,,,,
6391747486,2016-04-07,step_tracking,0.0,1822.0,0.0,,,,
6391747486,2016-04-08,step_tracking,0.0,1820.0,0.0,,,,
6391747486,2016-04-09,step_tracking,0.0,251.0,0.0,,,,
6775888955,2016-04-01,heart_rate_monitoring,,,,,,,3733.0
6775888955,2016-04-01,step_tracking,7225.0,3065.0,25.0,,,,
6775888955,2016-04-02,heart_rate_monitoring,,,,,,,3884.0
6775888955,2016-04-02,step_tracking,1988.0,2207.0,0.0,,,,
6775888955,2016-04-03,step_tracking,1577.0,1977.0,1.0,,,,
6775888955,2016-04-04,step_tracking,0.0,1841.0,0.0,,,,
6775888955,2016-04-05,heart_rate_monitoring,,,,,,,5878.0
6775888955,2016-04-05,step_tracking,9348.0,4286.0,56.0,,,,
6775888955,2016-04-06,heart_rate_monitoring,,,,,,,9255.0
6775888955,2016-04-06,step_tracking,11761.0,3920.0,24.0,,,,
6775888955,2016-04-07,heart_rate_monitoring,,,,,,,7944.0
6775888955,2016-04-07,step_tracking,13987.0,3856.0,46.0,,,,
6775888955,2016-04-08,heart_rate_monitoring,,,,,,,2996.0
6775888955,2016-04-08,step_tracking,4131.0,2584.0,27.0,,,,
6775888955,2016-04-09,step_tracking,14.0,787.0,0.0,,,,
6775888955,2016-04-13,sleep_tracking,,,,1.0,235.0,260.0,
6775888955,2016-04-14,sleep_tracking,,,,1.0,423.0,441.0,
6775888955,2016-04-15,sleep_tracking,,,,1.0,391.0,406.0,
6962181067,2016-03-30,heart_rate_monitoring,,,,,,,9174.0
6962181067,2016-03-30,step_tracking,15491.0,2244.0,18.0,,,,
6962181067,2016-03-31,heart_rate_monitoring,,,,,,,9395.0
6962181067,2016-03-31,step_tracking,14097.0,2188.0,50.0,,,,
6962181067,2016-04-01,heart_rate_monitoring,,,,,,,9221.0
6962181067,2016-04-01,step_tracking,10467.0,2014.0,9.0,,,,
6962181067,2016-04-02,heart_rate_monitoring,,,,,,,9626.0
6962181067,2016-04-02,step_tracking,12437.0,2115.0,50.0,,,,
6962181067,2016-04-03,heart_rate_monitoring,,,,,,,8199.0
6962181067,2016-04-03,step_tracking,12307.0,2055.0,14.0,,,,
6962181067,2016-04-04,heart_rate_monitoring,,,,,,,9625.0
6962181067,2016-04-04,step_tracking,18952.0,2437.0,73.0,,,,
6962181067,2016-04-05,heart_rate_monitoring,,,,,,,9904.0
6962181067,2016-04-05,step_tracking,12010.0,2158.0,38.0,,,,
6962181067,2016-04-06,heart_rate_monitoring,,,,,,,8779.0
6962181067,2016-04-06,step_tracking,12480.0,2170.0,55.0,,,,
6962181067,2016-04-07,heart_rate_monitoring,,,,,,,9539.0
6962181067,2016-04-07,step_tracking,13417.0,2244.0,45.0,,,,
6962181067,2016-04-08,heart_rate_monitoring,,,,,,,9194.0
6962181067,2016-04-08,step_tracking,14400.0,2188.0,27.0,,,,
6962181067,2016-04-09,heart_rate_monitoring,,,,,,,9904.0
6962181067,2016-04-09,step_tracking,12495.0,2231.0,33.0,,,,
6962181067,2016-04-10,heart_rate_monitoring,,,,,,,9227.0
6962181067,2016-04-10,step_tracking,10148.0,2100.0,19.0,,,,
6962181067,2016-04-11,heart_rate_monitoring,,,,,,,9171.0
6962181067,2016-04-11,step_tracking,12362.0,2188.0,21.0,,,,
6962181067,2016-04-12,heart_rate_monitoring,,,,,,,4917.0
6962181067,2016-04-12,sleep_tracking,,,,1.0,366.0,387.0,
6962181067,2016-04-12,step_tracking,5893.0,917.0,43.0,,,,
6962181067,2016-04-13,sleep_tracking,,,,3.0,630.0,679.0,
6962181067,2016-04-14,sleep_tracking,,,,2.0,508.0,535.0,
6962181067,2016-04-15,sleep_tracking,,,,1.0,370.0,386.0,
6962181067,2016-04-16,sleep_tracking,,,,1.0,357.0,366.0,
6962181067,2016-04-17,sleep_tracking,,,,1.0,427.0,446.0,
6962181067,2016-04-18,sleep_tracking,,,,1.0,442.0,458.0,
6962181067,2016-04-19,sleep_tracking,,,,1.0,476.0,535.0,
6962181067,2016-04-20,sleep_tracking,,,,1.0,418.0,424.0,
6962181067,2016-04-21,sleep_tracking,,,,1.0,451.0,457.0,
6962181067,2016-04-22,sleep_tracking,,,,1.0,425.0,435.0,
6962181067,2016-04-23,sleep_tracking,,,,1.0,528.0,546.0,
6962181067,2016-04-24,sleep_tracking,,,,1.0,511.0,514.0,
6962181067,2016-04-25,sleep_tracking,,,,1.0,400.0,415.0,
6962181067,2016-04-26,sleep_tracking,,,,1.0,441.0,446.0,
6962181067,2016-04-27,sleep_tracking,,,,1.0,455.0,467.0,
6962181067,2016-04-28,sleep_tracking,,,,1.0,440.0,453.0,
6962181067,2016-04-29,sleep_tracking,,,,1.0,433.0,447.0,
6962181067,2016-04-30,sleep_tracking,,,,1.0,422.0,424.0,
6962181067,2016-05-01,sleep_tracking,,,,1.0,411.0,426.0,
6962181067,2016-05-02,sleep_tracking,,,,1.0,466.0,482.0,
6962181067,2016-05-03,sleep_tracking,,,,1.0,394.0,418.0,
6962181067,2016-05-04,sleep_tracking,,,,1.0,442.0,455.0,
6962181067,2016-05-05,sleep_tracking,,,,1.0,467.0,491.0,
6962181067,2016-05-06,sleep_tracking,,,,1.0,443.0,462.0,
6962181067,2016-05-07,sleep_tracking,,,,1.0,298.0,334.0,
6962181067,2016-05-08,sleep_tracking,,,,1.0,541.0,569.0,
6962181067,2016-05-09,sleep_tracking,,,,1.0,489.0,497.0,
6962181067,2016-05-10,sleep_tracking,,,,1.0,469.0,481.0,
6962181067,2016-05-11,sleep_tracking,,,,1.0,452.0,480.0,
6962181067,2016-05-12,sleep_tracking,,,,1.0,516.0,535.0,
7007744171,2016-04-01,heart_rate_monitoring,,,,,,,6004.0
7007744171,2016-04-01,step_tracking,11680.0,2573.0,50.0,,,,
7007744171,2016-04-02,heart_rate_monitoring,,,,,,,5942.0
7007744171,2016-04-02,step_tracking,10976.0,2575.0,9.0,,,,
7007744171,2016-04-03,heart_rate_monitoring,,,,,,,5806.0
7007744171,2016-04-03,step_tracking,16806.0,3086.0,104.0,,,,
7007744171,2016-04-04,heart_rate_monitoring,,,,,,,5846.0
7007744171,2016-04-04,step_tracking,15266.0,2886.0,70.0,,,,
7007744171,2016-04-05,heart_rate_monitoring,,,,,,,5654.0
7007744171,2016-04-05,step_tracking,12084.0,2676.0,50.0,,,,
7007744171,2016-04-06,heart_rate_monitoring,,,,,,,5741.0
7007744171,2016-04-06,step_tracking,13513.0,2811.0,64.0,,,,
7007744171,2016-04-07,heart_rate_monitoring,,,,,,,6171.0
7007744171,2016-04-07,step_tracking,14100.0,2840.0,61.0,,,,
7007744171,2016-04-08,heart_rate_monitoring,,,,,,,5803.0
7007744171,2016-04-08,step_tracking,12627.0,2871.0,54.0,,,,
7007744171,2016-04-09,heart_rate_monitoring,,,,,,,4963.0
7007744171,2016-04-09,step_tracking,10345.0,2613.0,2.0,,,,
7007744171,2016-04-10,heart_rate_monitoring,,,,,,,5589.0
7007744171,2016-04-10,step_tracking,10146.0,2700.0,1.0,,,,
7007744171,2016-04-11,heart_rate_monitoring,,,,,,,6282.0
7007744171,2016-04-11,step_tracking,12168.0,2871.0,18.0,,,,
7007744171,2016-04-12,step_tracking,7413.0,1023.0,53.0,,,,
7007744171,2016-04-16,sleep_tracking,,,,1.0,79.0,82.0,
7007744171,2016-05-01,sleep_tracking,,,,1.0,58.0,61.0,
7086361926,2016-04-01,step_tracking,11463.0,2496.0,38.0,,,,
7086361926,2016-04-02,step_tracking,87.0,1641.0,0.0,,,,
7086361926,2016-04-03,step_tracking,1949.0,1794.0,3.0,,,,
7086361926,2016-04-04,step_tracking,6101.0,2421.0,31.0,,,,
7086361926,2016-04-05,step_tracking,7478.0,2439.0,25.0,,,,
7086361926,2016-04-06,step_tracking,7352.0,2233.0,19.0,,,,
7086361926,2016-04-07,step_tracking,14604.0,2862.0,76.0,,,,
7086361926,2016-04-08,step_tracking,9634.0,2752.0,50.0,,,,
7086361926,2016-04-09,step_tracking,7338.0,2519.0,27.0,,,,
7086361926,2016-04-10,step_tracking,569.0,1799.0,0.0,,,,
7086361926,2016-04-11,step_tracking,6242.0,2543.0,46.0,,,,
7086361926,2016-04-12,sleep_tracking,,,,1.0,514.0,525.0,
7086361926,2016-04-12,step_tracking,430.0,625.0,0.0,,,,
7086361926,2016-04-13,sleep_tracking,,,,1.0,451.0,465.0,
7086361926,2016-04-14,sleep_tracking,,,,1.0,472.0,476.0,
7086361926,2016-04-15,sleep_tracking,,,,1.0,377.0,386.0,
7086361926,2016-04-19,sleep_tracking,,,,1.0,472.0,483.0,
7086361926,2016-04-20,sleep_tracking,,,,1.0,492.0,502.0,
7086361926,2016-04-21,sleep_tracking,,,,1.0,390.0,411.0,
7086361926,2016-04-22,sleep_tracking,,,,1.0,428.0,448.0,
7086361926,2016-04-24,sleep_tracking,,,,1.0,681.0,704.0,
7086361926,2016-04-25,sleep_tracking,,,,1.0,446.0,447.0,
7086361926,2016-04-26,sleep_tracking,,,,1.0,485.0,500.0,
7086361926,2016-04-27,sleep_tracking,,,,1.0,469.0,479.0,
7086361926,2016-04-28,sleep_tracking,,,,1.0,354.0,367.0,
7086361926,2016-04-30,sleep_tracking,,,,1.0,485.0,489.0,
7086361926,2016-05-01,sleep_tracking,,,,1.0,388.0,407.0,
7086361926,2016-05-02,sleep_tracking,,,,1.0,440.0,459.0,
7086361926,2016-05-03,sleep_tracking,,,,1.0,456.0,461.0,
7086361926,2016-05-04,sleep_tracking,,,,1.0,420.0,436.0,
7086361926,2016-05-06,sleep_tracking,,,,1.0,322.0,333.0,
7086361926,2016-05-07,sleep_tracking,,,,1.0,530.0,548.0,
7086361926,2016-05-08,sleep_tracking,,,,1.0,481.0,510.0,
7086361926,2016-05-09,sleep_tracking,,,,1.0,427.0,438.0,
7086361926,2016-05-11,sleep_tracking,,,,1.0,451.0,463.0,
7086361926,2016-05-12,sleep_tracking,,,,1.0,444.0,457.0,
8053475328,2016-04-02,step_tracking,20188.0,3377.0,124.0,,,,
8053475328,2016-04-03,step_tracking,25701.0,3697.0,165.0,,,,
8053475328,2016-04-04,step_tracking,17395.0,3209.0,100.0,,,,
8053475328,2016-04-05,step_tracking,17167.0,3167.0,98.0,,,,
8053475328,2016-04-06,step_tracking,16435.0,3122.0,100.0,,,,
8053475328,2016-04-07,step_tracking,17078.0,3176.0,101.0,,,,
8053475328,2016-04-08,step_tracking,11693.0,2790.0,60.0,,,,
8053475328,2016-04-09,step_tracking,11159.0,2715.0,59.0,,,,
8053475328,2016-04-10,step_tracking,10118.0,2684.0,30.0,,,,
8053475328,2016-04-11,step_tracking,16064.0,3097.0,96.0,,,,
8053475328,2016-04-12,step_tracking,290.0,791.0,0.0,,,,
8053475328,2016-04-20,sleep_tracking,,,,1.0,486.0,493.0,
8053475328,2016-04-23,sleep_tracking,,,,1.0,331.0,337.0,
8053475328,2016-05-07,sleep_tracking,,,,1.0,74.0,75.0,
8253242879,2016-04-01,step_tracking,0.0,1429.0,0.0,,,,
8253242879,2016-04-02,step_tracking,0.0,1429.0,0.0,,,,
8253242879,2016-04-03,step_tracking,0.0,1429.0,0.0,,,,
8253242879,2016-04-04,step_tracking,0.0,1429.0,0.0,,,,
8253242879,2016-04-05,step_tracking,0.0,1429.0,0.0,,,,
8253242879,2016-04-06,step_tracking,1931.0,1607.0,0.0,,,,
8253242879,2016-04-07,step_tracking,5181.0,1776.0,15.0,,,,
8253242879,2016-04-08,step_tracking,12026.0,2162.0,47.0,,,,
8253242879,2016-04-09,step_tracking,5360.0,1832.0,8.0,,,,
8253242879,2016-04-10,step_tracking,2545.0,1657.0,0.0,,,,
8253242879,2016-04-11,step_tracking,1636.0,1377.0,0.0,,,,
8253242879,2016-04-12,step_tracking,0.0,0.0,0.0,,,,
8378563200,2016-04-01,step_tracking,14179.0,3669.0,73.0,,,,
8378563200,2016-04-02,step_tracking,3358.0,2702.0,0.0,,,,
8378563200,2016-04-03,step_tracking,9152.0,3304.0,25.0,,,,
8378563200,2016-04-04,step_tracking,13935.0,4234.0,105.0,,,,
8378563200,2016-04-05,step_tracking,12846.0,4128.0,113.0,,,,
8378563200,2016-04-06,step_tracking,9124.0,3798.0,55.0,,,,
8378563200,2016-04-07,step_tracking,9725.0,3839.0,83.0,,,,
8378563200,2016-04-08,step_tracking,8350.0,3713.0,72.0,,,,
8378563200,2016-04-09,step_tracking,2240.0,2606.0,0.0,,,,
8378563200,2016-04-10,step_tracking,2631.0,2624.0,0.0,,,,
8378563200,2016-04-11,step_tracking,8837.0,3775.0,74.0,,,,
8378563200,2016-04-12,sleep_tracking,,,,1.0,338.0,356.0,
8378563200,2016-04-12,step_tracking,3246.0,1882.0,65.0,,,,
8378563200,2016-04-13,sleep_tracking,,,,2.0,447.0,487.0,
8378563200,2016-04-14,sleep_tracking,,,,1.0,424.0,455.0,
8378563200,2016-04-15,sleep_tracking,,,,1.0,513.0,533.0,
8378563200,2016-04-16,sleep_tracking,,,,2.0,611.0,689.0,
8378563200,2016-04-17,sleep_tracking,,,,2.0,525.0,591.0,
8378563200,2016-04-18,sleep_tracking,,,,1.0,398.0,451.0,
8378563200,2016-04-19,sleep_tracking,,,,1.0,387.0,421.0,
8378563200,2016-04-20,sleep_tracking,,,,1.0,381.0,409.0,
8378563200,2016-04-21,sleep_tracking,,,,1.0,396.0,417.0,
8378563200,2016-04-22,sleep_tracking,,,,1.0,441.0,469.0,
8378563200,2016-04-23,sleep_tracking,,,,1.0,565.0,591.0,
8378563200,2016-04-24,sleep_tracking,,,,1.0,458.0,492.0,
8378563200,2016-04-25,sleep_tracking,,,,2.0,776.0,804.0,
8378563200,2016-04-26,sleep_tracking,,,,1.0,550.0,584.0,
8378563200,2016-04-27,sleep_tracking,,,,1.0,531.0,600.0,
8378563200,2016-04-28,sleep_tracking,,,,1.0,506.0,556.0,
8378563200,2016-04-29,sleep_tracking,,,,1.0,527.0,562.0,
8378563200,2016-04-30,sleep_tracking,,,,1.0,468.0,555.0,
8378563200,2016-05-01,sleep_tracking,,,,1.0,475.0,539.0,
8378563200,2016-05-02,sleep_tracking,,,,1.0,351.0,385.0,
8378563200,2016-05-03,sleep_tracking,,,,1.0,405.0,429.0,
8378563200,2016-05-04,sleep_tracking,,,,1.0,441.0,477.0,
8378563200,2016-05-05,sleep_tracking,,,,1.0,381.0,417.0,
8378563200,2016-05-06,sleep_tracking,,,,1.0,323.0,355.0,
8378563200,2016-05-07,sleep_tracking,,,,2.0,459.0,513.0,
8378563200,2016-05-08,sleep_tracking,,,,1.0,545.0,606.0,
8378563200,2016-05-09,sleep_tracking,,,,1.0,359.0,399.0,
8378563200,2016-05-10,sleep_tracking,,,,1.0,342.0,391.0,
8378563200,2016-05-11,sleep_tracking,,,,1.0,368.0,387.0,
8378563200,2016-05-12,sleep_tracking,,,,1.0,496.0,546.0,
8583815059,2016-04-01,step_tracking,2174.0,2360.0,0.0,,,,
8583815059,2016-04-02,step_tracking,3494.0,2517.0,0.0,,,,
8583815059,2016-04-03,step_tracking,2380.0,2400.0,0.0,,,,
8583815059,2016-04-04,step_tracking,3159.0,2462.0,0.0,,,,
8583815059,2016-04-05,step_tracking,6835.0,2786.0,5.0,,,,
8583815059,2016-04-06,step_tracking,2098.0,2354.0,0.0,,,,
8583815059,2016-04-07,step_tracking,2816.0,2437.0,0.0,,,,
8583815059,2016-04-08,step_tracking,1408.0,1814.0,0.0,,,,
8792009665,2016-04-01,heart_rate_monitoring,,,,,,,3335.0
8792009665,2016-04-01,step_tracking,4592.0,2260.0,4.0,,,,
8792009665,2016-04-02,heart_rate_monitoring,,,,,,,5780.0
8792009665,2016-04-02,step_tracking,8452.0,3004.0,9.0,,,,
8792009665,2016-04-03,heart_rate_monitoring,,,,,,,9375.0
8792009665,2016-04-03,step_tracking,7238.0,2667.0,2.0,,,,
8792009665,2016-04-04,heart_rate_monitoring,,,,,,,8735.0
8792009665,2016-04-04,step_tracking,3821.0,2229.0,0.0,,,,
8792009665,2016-04-05,heart_rate_monitoring,,,,,,,8509.0
8792009665,2016-04-05,step_tracking,2332.0,2100.0,1.0,,,,
8792009665,2016-04-06,heart_rate_monitoring,,,,,,,8429.0
8792009665,2016-04-06,step_tracking,2121.0,2114.0,0.0,,,,
8792009665,2016-04-07,heart_rate_monitoring,,,,,,,6417.0
8792009665,2016-04-07,step_tracking,1291.0,1961.0,0.0,,,,
8792009665,2016-04-08,heart_rate_monitoring,,,,,,,6009.0
8792009665,2016-04-08,step_tracking,1467.0,1953.0,2.0,,,,
8792009665,2016-04-09,heart_rate_monitoring,,,,,,,5789.0
8792009665,2016-04-09,step_tracking,1022.0,1890.0,0.0,,,,
8792009665,2016-04-10,heart_rate_monitoring,,,,,,,4678.0
8792009665,2016-04-10,step_tracking,4605.0,2253.0,0.0,,,,
8792009665,2016-04-11,step_tracking,178.0,1725.0,0.0,,,,
8792009665,2016-04-12,heart_rate_monitoring,,,,,,,2545.0
8792009665,2016-04-12,sleep_tracking,,,,1.0,458.0,493.0,
8792009665,2016-04-12,step_tracking,20.0,728.0,0.0,,,,
8792009665,2016-04-13,sleep_tracking,,,,1.0,531.0,552.0,
8792009665,2016-04-14,sleep_tracking,,,,1.0,486.0,503.0,
8792009665,2016-04-15,sleep_tracking,,,,1.0,363.0,377.0,
8792009665,2016-04-20,sleep_tracking,,,,1.0,528.0,547.0,
8792009665,2016-04-22,sleep_tracking,,,,1.0,391.0,407.0,
8792009665,2016-04-23,sleep_tracking,,,,1.0,339.0,360.0,
8792009665,2016-04-27,sleep_tracking,,,,1.0,423.0,428.0,
8792009665,2016-04-28,sleep_tracking,,,,1.0,402.0,416.0,
8792009665,2016-04-29,sleep_tracking,,,,1.0,398.0,406.0,
8792009665,2016-04-30,sleep_tracking,,,,1.0,343.0,360.0,
8792009665,2016-05-01,sleep_tracking,,,,1.0,503.0,527.0,
8792009665,2016-05-02,sleep_tracking,,,,1.0,415.0,423.0,
8792009665,2016-05-03,sleep_tracking,,,,1.0,516.0,545.0,
8792009665,2016-05-04,sleep_tracking,,,,1.0,439.0,463.0,
8877689391,2016-04-01,heart_rate_monitoring,,,,,,,7390.0
8877689391,2016-04-01,step_tracking,18700.0,3527.0,67.0,,,,
8877689391,2016-04-02,heart_rate_monitoring,,,,,,,7282.0
8877689391,2016-04-02,step_tracking,27572.0,4220.0,116.0,,,,
8877689391,2016-04-03,heart_rate_monitoring,,,,,,,8408.0
8877689391,2016-04-03,step_tracking,15260.0,3864.0,106.0,,,,
8877689391,2016-04-04,heart_rate_monitoring,,,,,,,7723.0
8877689391,2016-04-04,step_tracking,20779.0,3662.0,78.0,,,,
8877689391,2016-04-05,heart_rate_monitoring,,,,,,,6781.0
8877689391,2016-04-05,step_tracking,10695.0,2834.0,10.0,,,,
8877689391,2016-04-06,heart_rate_monitoring,,,,,,,7546.0
8877689391,2016-04-06,step_tracking,24136.0,4039.0,87.0,,,,
8877689391,2016-04-07,heart_rate_monitoring,,,,,,,6863.0
8877689391,2016-04-07,step_tracking,10910.0,2947.0,32.0,,,,
8877689391,2016-04-08,heart_rate_monitoring,,,,,,,8757.0
8877689391,2016-04-08,step_tracking,23014.0,4196.0,70.0,,,,
8877689391,2016-04-09,heart_rate_monitoring,,,,,,,9031.0
8877689391,2016-04-09,step_tracking,16470.0,3841.0,90.0,,,,
8877689391,2016-04-10,heart_rate_monitoring,,,,,,,7471.0
8877689391,2016-04-10,step_tracking,28497.0,4526.0,128.0,,,,
8877689391,2016-04-11,heart_rate_monitoring,,,,,,,6540.0
8877689391,2016-04-11,step_tracking,10622.0,2820.0,18.0,,,,
8877689391,2016-04-12,heart_rate_monitoring,,,,,,,1323.0
8877689391,2016-04-12,step_tracking,2350.0,938.0,0.0,,,,
